Workbook

Sheet 交易记录
A1: 日期 | B1: 交易所 | C1: 交易对 | D1: 方向 | E1: 策略 | F1: 入场价 | G1: 出场价 | H1: 数量 | I1: 手续费 | J1: 已实现盈亏 | K1: 收益率 | L1: 持仓时长(小时) | M1: 止损价 | N1: 止盈价 | O1: 情绪 | P1: 备注
A2: 46296 | B2: Binance | C2: BTC/USDT | D2: 做多 | E2: 突破 | F2: 60000 | G2: 61500 | H2: 0.05 | I2: 3 | J2: =IF(D2="做多",(G2-F2)*H2,(F2-G2)*H2)-I2 | K2: =IFERROR(J2/(F2*H2),0) | L2: 6 | M2: 58200 | N2: 63600 | O2: 冷静 | P2: 示例数据，可删除
A3: 46303 | B3: OKX | C3: ETH/USDT | D3: 做空 | E3: 区间 | F3: 2500 | G3: 2420 | H3: 1.2 | I3: 2.5 | J3: =IF(D3="做多",(G3-F3)*H3,(F3-G3)*H3)-I3 | K3: =IFERROR(J3/(F3*H3),0) | L3: 6 | M3: 2425 | N3: 2650 | O3: 冷静 | P3: 示例数据，可删除
A4: 46310 | B4: Bybit | C4: SOL/USDT | D4: 做多 | E4: 回调 | F4: 145 | G4: 151 | H4: 20 | I4: 4 | J4: =IF(D4="做多",(G4-F4)*H4,(F4-G4)*H4)-I4 | K4: =IFERROR(J4/(F4*H4),0) | L4: 6 | M4: 140.65 | N4: 153.7 | O4: 冷静 | P4: 示例数据，可删除
J5: =IF(OR(F5="",G5="",H5=""),"",IF(D5="做多",(G5-F5)*H5,(F5-G5)*H5)-I5) | K5: =IFERROR(J5/(F5*H5),"")
J6: =IF(OR(F6="",G6="",H6=""),"",IF(D6="做多",(G6-F6)*H6,(F6-G6)*H6)-I6) | K6: =IFERROR(J6/(F6*H6),"")
J7: =IF(OR(F7="",G7="",H7=""),"",IF(D7="做多",(G7-F7)*H7,(F7-G7)*H7)-I7) | K7: =IFERROR(J7/(F7*H7),"")
J8: =IF(OR(F8="",G8="",H8=""),"",IF(D8="做多",(G8-F8)*H8,(F8-G8)*H8)-I8) | K8: =IFERROR(J8/(F8*H8),"")
J9: =IF(OR(F9="",G9="",H9=""),"",IF(D9="做多",(G9-F9)*H9,(F9-G9)*H9)-I9) | K9: =IFERROR(J9/(F9*H9),"")
J10: =IF(OR(F10="",G10="",H10=""),"",IF(D10="做多",(G10-F10)*H10,(F10-G10)*H10)-I10) | K10: =IFERROR(J10/(F10*H10),"")
J11: =IF(OR(F11="",G11="",H11=""),"",IF(D11="做多",(G11-F11)*H11,(F11-G11)*H11)-I11) | K11: =IFERROR(J11/(F11*H11),"")
J12: =IF(OR(F12="",G12="",H12=""),"",IF(D12="做多",(G12-F12)*H12,(F12-G12)*H12)-I12) | K12: =IFERROR(J12/(F12*H12),"")
J13: =IF(OR(F13="",G13="",H13=""),"",IF(D13="做多",(G13-F13)*H13,(F13-G13)*H13)-I13) | K13: =IFERROR(J13/(F13*H13),"")
J14: =IF(OR(F14="",G14="",H14=""),"",IF(D14="做多",(G14-F14)*H14,(F14-G14)*H14)-I14) | K14: =IFERROR(J14/(F14*H14),"")
J15: =IF(OR(F15="",G15="",H15=""),"",IF(D15="做多",(G15-F15)*H15,(F15-G15)*H15)-I15) | K15: =IFERROR(J15/(F15*H15),"")
J16: =IF(OR(F16="",G16="",H16=""),"",IF(D16="做多",(G16-F16)*H16,(F16-G16)*H16)-I16) | K16: =IFERROR(J16/(F16*H16),"")
... J101: =IF(OR(F101="",G101="",H101=""),"",IF(D101="做多",(G101-F101)*H101,(F101-G101)*H101)-I101) | K101: =IFERROR(J101/(F101*H101),"")

Sheet 汇总
A1: 交易表现汇总
A2: 自动统计“交易记录”工作表，新增记录后会自动更新。
A3: 总交易笔数 | B3: =COUNTA('交易记录'!A2:A101)
A4: 盈利笔数 | B4: =COUNTIF('交易记录'!J2:J101,">0")
A5: 亏损笔数 | B5: =COUNTIF('交易记录'!J2:J101,"<0")
A6: 胜率 | B6: =IFERROR(B4/B3,0)
A7: 总盈亏 (USDT) | B7: =SUM('交易记录'!J2:J101)
A8: 平均盈利 | B8: =IFERROR(AVERAGEIF('交易记录'!J2:J101,">0"),0)
A9: 平均亏损 | B9: =IFERROR(AVERAGEIF('交易记录'!J2:J101,"<0"),0)
A10: 盈亏比 | B10: =IFERROR(ABS(B8/B9),0)

Sheet 使用说明
A1: 交易记录模板 · 使用说明
A2: 最后更新：2026-10-22 · 币圈指南
A4: 1. 在“交易记录”表填写日期、交易所、交易对、方向、入场/出场价、数量、手续费。
A5: 2. “已实现盈亏”和“收益率”会自动计算；做多用（出场-入场）×数量，做空相反。
A6: 3. 手续费请填绝对值（例如 3.2 USDT），不要填百分比。
A7: 4. “汇总”表自动统计总笔数、胜率、总盈亏、平均盈亏和盈亏比。
A8: 5. 建议每笔交易都记录“情绪”和“备注”，复盘时比只看盈亏更有价值。
A9: 6. 只记录真实成交；不要把未成交计划单算进去。
A11: 风险提示：模板仅用于记录与计算，不构成投资建议。加密资产价格波动较大，请自行承担风险。
